,word,detail,code
15,abettor,other,0
25,absorptiometer,other,0
27,abstractor,other,0
29,abuser,other,0
33,accelerator,other,0
34,accelerometer,other,0
36,acceptor,other,0
49,accumulator,other,0
50,accuser,other,0
55,achiever,other,0
59,acinar,other,0
73,adapter,other,0
85,adjudicator,other,0
93,administrator,other,0
95,admirer,other,0
106,advertiser,other,0
107,adviser,other,0
125,aflutter,other,0
131,afterburner,other,0
142,agitator,other,0
160,airer,other,0
166,airliner,other,0
205,alienor,other,0
244,alternator,other,0
252,alveolar,other,0
280,amplifier,other,0
307,angler,other,0
310,animator,other,0
323,announcer,other,0
325,annunciator,other,0
335,anteater,other,0
339,anteroposterior,other,0
341,anticancer,other,0
344,antimatter,other,0
369,appetizer,other,0
376,appreciator,other,0
378,approver,other,0
394,arbitrator,other,0
424,arranger,other,0
427,arrester,other,0
433,articulator,other,0
439,ascender,other,0
455,aspirator,other,0
460,assembler,other,0
465,assessor,other,0
467,assignor,other,0
468,assimilator,other,0
480,astrologer,other,0
481,astronomer,other,0
489,atomizer,other,0
491,attacker,other,0
498,attenuator,other,0
506,auctioneer,other,0
523,autocar,other,0
525,autochanger,other,0
528,autodialler,other,0
532,automaker,other,0
541,autotransformer,other,0
543,autowinder,other,0
549,aviator,other,0
574,babbler,other,0
579,babysitter,other,0
586,backbar,other,0
587,backbencher,other,0
591,backer,other,0
592,backgrounder,other,0
595,backmarker,other,0
597,backpacker,other,0
599,backscatter,other,0
600,backscratcher,other,0
604,backstroker,other,0
605,backswimmer,other,0
606,backwater,other,0
607,baconer,other,0
617,baffler,other,0
628,bailor,other,0
636,baker,other,0
646,baler,other,0
649,balladeer,other,0
653,baller,other,0
680,bandleader,other,0
681,bandmaster,other,0
686,banger,other,0
690,banker,other,0
709,bargemaster,other,0
711,barkeeper,other,0
729,bartender,other,0
735,basher,other,0
748,bather,other,0
749,bathwater,other,0
753,battlecruiser,other,0
754,battler,other,0
771,beachcomber,other,0
774,beachwear,other,0
778,beamer,other,0
780,beaner,other,0
787,bearer,other,0
791,beater,other,0
807,bedchamber,other,0
808,bedcover,other,0
809,bedder,other,0
810,bedmaker,other,0
820,beefburger,other,0
825,beeper,other,0
836,beginner,other,0
838,begrudger,other,0
844,beholder,other,0
859,believer,other,0
867,bellflower,other,0
877,belter,other,0
881,bencher,other,0
913,berserker,other,0
925,bestseller,other,0
949,bidder,other,0
964,biker,other,0
965,bilayer,other,0
974,billposter,other,0
978,binder,other,0
988,biographer,other,0
990,biomarker,other,0
992,biopolymer,other,0
993,bioreactor,other,0
995,biosensor,other,0
997,bipolar,other,0
999,birder,other,0
1002,birdwatcher,other,0
1047,blaster,other,0
1055,bleacher,other,0
1059,bleeder,other,0
1060,bleeper,other,0
1062,blender,other,0
1067,blinder,other,0
1068,blinker,other,0
1074,blocker,other,0
1079,bloodsucker,other,0
1086,blotter,other,0
1087,blower,other,0
1105,blusher,other,0
1109,boarder,other,0
1110,boardsailor,other,0
1114,boater,other,0
1117,bobber,other,0
1121,bodger,other,0
1125,bodybuilder,other,0
1148,bogtrotter,other,0
1150,boiler,other,0
1151,boilermaker,other,0
1164,bolter,other,0
1167,bomber,other,0
1171,bondager,other,0
1173,bondholder,other,0
1178,boneshaker,other,0
1191,bookbinder,other,0
1195,booker,other,0
1196,bookkeeper,other,0
1198,bookmaker,other,0
1200,bookseller,other,0
1205,booster,other,0
1208,bootmaker,other,0
1210,bootstrapper,other,0
1212,boozer,other,0
1217,borderer,other,0
1218,borer,other,0
1222,borrower,other,0
1236,bottler,other,0
1246,bouncer,other,0
1247,bounder,other,0
1266,bowyer,other,0
1268,boxcar,other,0
1290,brainpower,other,0
1308,braunschweiger,other,0
1314,breadwinner,other,0
1316,breaker,other,0
1319,breakwater,other,0
1325,breather,other,0
1331,breeder,other,0
1345,brewer,other,0
1351,bricklayer,other,0
1360,briefer,other,0
1374,brittlestar,other,0
1375,broadcaster,other,0
1384,broiler,other,0
1386,bronchodilator,other,0
1388,broncobuster,other,0
1391,bronzer,other,0
1412,browser,other,0
1421,bruiser,other,0
1435,bubbler,other,0
1463,builder,other,0
1467,bulbar,other,0
1473,bulldozer,other,0
1479,bullshitter,other,0
1495,bungler,other,0
1512,burner,other,0
1518,burster,other,0
1520,busbar,other,0
1530,busser,other,0
1531,buster,other,0
1546,buyer,other,0
1547,buzzer,other,0
1551,bystander,other,0
1555,cabinetmaker,other,0
1584,calculator,other,0
1593,caller,other,0
1609,cameleer,other,0
1613,campaigner,other,0
1615,camper,other,0
1624,candleholder,other,0
1626,candlepower,other,0
1637,cannoneer,other,0
1646,capacitor,other,0
1652,capper,other,0
1665,cardholder,other,0
1667,cardiovascular,other,0
1670,cardmember,other,0
1674,caregiver,other,0
1675,carer,other,0
1676,caretaker,other,0
1681,carmaker,other,0
1690,carrier,other,0
1696,cartographer,other,0
1697,carver,other,0
1708,caster,other,0
1715,cataloguer,other,0
1716,catalyser,other,0
1718,catcher,other,0
1721,caterer,other,0
1753,cellarer,other,0
1793,challenger,other,0
1805,chancer,other,0
1811,changeover,other,0
1812,changer,other,0
1830,charmer,other,0
1835,chartbuster,other,0
1837,charterer,other,0
1840,chaser,other,0
1846,chatterer,other,0
1856,cheater,other,0
1858,checker,other,0
1865,cheerleader,other,0
1866,cheeseburger,other,0
1868,cheesemaker,other,0
1869,cheesemonger,other,0
1872,chemoreceptor,other,0
1897,childcarer,other,0
1899,childminder,other,0
1902,chiller,other,0
1905,chipmaker,other,0
1925,choirmaster,other,0
1926,choker,other,0
1930,chopper,other,0
1932,choreographer,other,0
1942,chronicler,other,0
1943,chronologer,other,0
1944,chronometer,other,0
1953,churchgoer,other,0
1966,cinemagoer,other,0
1967,cinematographer,other,0
1987,claimer,other,0
1991,clanger,other,0
1992,clapper,other,0
1999,classifier,other,0
2008,cleaner,other,0
2009,cleanser,other,0
2011,clearer,other,0
2015,cleaver,other,0
2020,clicker,other,0
2023,climber,other,0
2024,clincher,other,0
2028,clipper,other,0
2031,clocker,other,0
2032,clockmaker,other,0
2036,clodhopper,other,0
2038,clogger,other,0
2045,closer,other,0
2055,clubber,other,0
2066,coachbuilder,other,0
2070,coaler,other,0
2077,coaster,other,0
2093,cocksucker,other,0
2096,codebreaker,other,0
2105,cofactor,other,0
2107,cofferer,other,0
2112,coiner,other,0
2120,collaborator,other,0
2124,collator,other,0
2125,collector,other,0
2127,collider,other,0
2129,collimator,other,0
2143,combiner,other,0
2145,comer,other,0
2149,commentator,other,0
2159,communicator,other,0
2160,commutator,other,0
2161,commuter,other,0
2162,comonomer,other,0
2170,comper,other,0
2173,competitor,other,0
2174,compiler,other,0
2178,complementizer,other,0
2181,composer,other,0
2184,compounder,other,0
2187,compressor,other,0
2195,computer,other,0
2201,concealer,other,0
2206,conciliator,other,0
2211,condenser,other,0
2214,conditioner,other,0
2220,coneflower,other,0
2222,confectioner,other,0
2245,connector,other,0
2251,conqueror,other,0
2256,conservator,other,0
2270,consumer,other,0
2271,contactor,other,0
2272,container,other,0
2275,contender,other,0
2278,continuator,other,0
2281,contractor,other,0
2287,contributor,other,0
2290,convector,other,0
2292,convener,other,0
2294,conventioneer,other,0
2298,converter,other,0
2302,conveyor,other,0
2306,cooker,other,0
2307,cooler,other,0
2316,coordinator,other,0
2321,copier,other,0
2323,copolymer,other,0
2325,coprocessor,other,0
2327,copter,other,0
2329,copyholder,other,0
2332,copywriter,other,0
2344,corker,other,0
2350,cornflower,other,0
2356,corporator,other,0
2358,corrector,other,0
2376,coster,other,0
2385,cottager,other,0
2410,coupler,other,0
2421,covenantor,other,0
2426,cowcatcher,other,0
2432,cracker,other,0
2445,crammer,other,0
2448,crapper,other,0
2456,crawler,other,0
2457,creamer,other,0
2461,creator,other,0
2463,creditor,other,0
2465,creeper,other,0
2479,cricketer,other,0
2486,crimper,other,0
2487,crippler,other,0
2488,crisper,other,0
2492,croaker,other,0
2495,crofter,other,0
2499,crooner,other,0
2500,cropper,other,0
2504,crossbar,other,0
2510,crossover,other,0
2515,crowbar,other,0
2525,cruncher,other,0
2527,crusader,other,0
2532,cryer,other,0
2552,cultivator,other,0
2570,curler,other,0
2573,curricular,other,0
2582,customer,other,0
2587,cutover,other,0
2588,cutter,other,0
2590,cutwater,other,0
2597,cyder,other,0
2603,cytometer,other,0
2630,dampener,other,0
2631,damper,other,0
2637,dancer,other,0
2638,dancewear,other,0
2651,darter,other,0
2652,dasher,other,0
2661,dater,other,0
2662,dauber,other,0
2674,daytimer,other,0
2676,daywear,other,0
2678,dazzler,other,0
2683,dealer,other,0
2684,dealmaker,other,0
2692,debater,other,0
2697,debtor,other,0
2698,debugger,other,0
2699,debunker,other,0
2701,decanter,other,0
2709,decider,other,0
2711,decipherer,other,0
2715,declarator,other,0
2716,declarer,other,0
2718,decoder,other,0
2719,decomposer,other,0
2720,decompressor,other,0
2722,decorator,other,0
2728,dedicator,other,0
2732,deepwater,other,0
2736,deerstalker,other,0
2738,defaulter,other,0
2739,defeater,other,0
2740,defector,other,0
2741,defender,other,0
2743,defibrillator,other,0
2748,deflector,other,0
2749,defoliator,other,0
2759,dehumidifier,other,0
2783,demerger,other,0
2784,demisemiquaver,other,0
2793,demonstrator,other,0
2803,denigrator,other,0
2809,denominator,other,0
2813,densitometer,other,0
2815,denunciator,other,0
2821,depilator,other,0
2825,depositor,other,0
2828,depredator,other,0
2830,depressor,other,0
2833,deregister,other,0
2839,descender,other,0
2842,descriptor,other,0
2844,deserter,other,0
2846,desiccator,other,0
2848,designer,other,0
2859,destroyer,other,0
2865,detector,other,0
2867,determiner,other,0
2872,detonator,other,0
2874,detractor,other,0
2883,developer,other,0
2887,devisor,other,0
2892,dewater,other,0
2901,dialler,other,0
2908,diastereoisomer,other,0
2909,dibber,other,0
2918,diddler,other,0
2928,diffractometer,other,0
2930,diffuser,other,0
2931,digester,other,0
2934,digger,other,0
2945,dilator,other,0
2952,dimmer,other,0
2955,diner,other,0
2960,dipper,other,0
2968,disarmer,other,0
2972,disbeliever,other,0
2975,discharger,other,0
2977,disclaimer,other,0
2981,discounter,other,0
2982,discoverer,other,0
2983,discriminator,other,0
2988,disempower,other,0
2990,disgorger,other,0
2993,dishwasher,other,0
2994,dishwater,other,0
3004,dispatcher,other,0
3005,dispenser,other,0
3015,disremember,other,0
3023,dissenter,other,0
3028,distiller,other,0
3032,distractor,other,0
3035,distributor,other,0
3038,ditchwater,other,0
3044,divemaster,other,0
3045,diver,other,0
3050,divider,other,0
3068,docker,other,0
3077,dodger,other,0
3079,doer,other,0
3082,dogcatcher,other,0
3098,dolorimeter,other,0
3116,doomsayer,other,0
3118,doomster,other,0
3122,doorkeeper,other,0
3143,dosimeter,other,0
3144,dosser,other,0
3153,doubter,other,0
3160,downer,other,0
3161,downhiller,other,0
3163,downlighter,other,0
3165,downriver,other,0
3171,dozer,other,0
3174,dragger,other,0
3178,dragster,other,0
3180,drainer,other,0
3184,drawbar,other,0
3185,drawer,other,0
3189,dreamer,other,0
3195,dredger,other,0
3207,dressmaker,other,0
3215,drifter,other,0
3218,drinker,other,0
3223,driver,other,0
3242,drummer,other,0
3268,dumper,other,0
3281,duplicator,other,0
3290,duster,other,0
3296,dweller,other,0
3303,dyer,other,0
3322,earner,other,0
3326,earthstar,other,0
3331,easterner,other,0
3334,eater,other,0
3361,educator,other,0
3366,effector,other,0
3385,eigenvector,other,0
3399,ejaculator,other,0
3400,ejector,other,0
3411,elderflower,other,0
3413,electioneer,other,0
3414,elector,other,0
3417,electrodynamometer,other,0
3419,electrometer,other,0
3429,eliminator,other,0
3452,emancipator,other,0
3458,embitter,other,0
3464,emitter,other,0
3471,employer,other,0
3473,empower,other,0
3478,emulsifier,other,0
3479,enabler,other,0
3486,enchanter,other,0
3496,endear,other,0
3500,endmember,other,0
3504,endpaper,other,0
3511,enforcer,other,0
3520,enhancer,other,0
3522,enlarger,other,0
3532,entertainer,other,0
3534,enumerator,other,0
3542,epilator,other,0
3548,equalizer,other,0
3551,equivocator,other,0
3553,eraser,other,0
3557,erector,other,0
3558,ergometer,other,0
3589,estimator,other,0
3632,evildoer,other,0
3639,examiner,other,0
3643,excavator,other,0
3649,exciter,other,0
3653,executioner,other,0
3657,exerciser,other,0
3660,exhibitioner,other,0
3661,exhibitor,other,0
3667,exor,other,0
3674,experimenter,other,0
3675,explainer,other,0
3679,explorer,other,0
3680,exporter,other,0
3689,extender,other,0
3693,exterminator,other,0
3694,extinguisher,other,0
3697,extractor,other,0
3703,eyeliner,other,0
3707,eyewear,other,0
3713,facer,other,0
3714,faceworker,other,0
3715,facilitator,other,0
3721,fader,other,0
3724,failover,other,0
3731,faker,other,0
3736,faller,other,0
3741,falsifier,other,0
3750,fancier,other,0
3753,fantasizer,other,0
3767,farmworker,other,0
3773,farter,other,0
3797,fawner,other,0
3812,feeder,other,0
3816,feeler,other,0
3832,feller,other,0
3840,fender,other,0
3843,fermenter,other,0
3853,fertilizer,other,0
3886,fielder,other,0
3893,fighter,other,0
3905,filmgoer,other,0
3917,finder,other,0
3925,finisher,other,0
3938,firecracker,other,0
3940,firefighter,other,0
3941,firelighter,other,0
3942,firemaster,other,0
3943,firepower,other,0
3948,firewater,other,0
3956,fishmonger,other,0
3959,fitter,other,0
3963,fiver,other,0
3966,fixer,other,0
3967,fizzer,other,0
3978,flamer,other,0
3979,flamethrower,other,0
3982,flanger,other,0
3983,flanker,other,0
3987,flasher,other,0
3988,flashover,other,0
3994,flatterer,other,0
4012,flexor,other,0
4018,flipper,other,0
4021,floater,other,0
4023,flockmaster,other,0
4025,flogger,other,0
4027,floodwater,other,0
4031,floorwalker,other,0
4036,flowerer,other,0
4038,flowmeter,other,0
4042,fluorometer,other,0
4043,fluoropolymer,other,0
4053,flycatcher,other,0
4054,flyer,other,0
4056,flyover,other,0
4057,flypaper,other,0
4071,folder,other,0
4077,follower,other,0
4092,footballer,other,0
4095,footgear,other,0
4099,footwear,other,0
4114,forecaster,other,0
4115,forefather,other,0
4116,forefinger,other,0
4117,foreigner,other,0
4118,foremother,other,0
4120,forerunner,other,0
4125,forger,other,0
4136,forrader,other,0
4145,forwarder,other,0
4176,framer,other,0
4186,fraudster,other,0
4201,freelancer,other,0
4202,freeloader,other,0
4207,freethinker,other,0
4209,freewheeler,other,0
4210,freezer,other,0
4213,freighter,other,0
4216,frequenter,other,0
4218,freshener,other,0
4219,fresher,other,0
4220,freshwater,other,0
4232,frightener,other,0
4243,froghopper,other,0
4247,frontager,other,0
4259,fryer,other,0
4261,fucker,other,0
4278,funder,other,0
4280,fundraiser,other,0
4284,funkster,other,0
4286,funster,other,0
4291,furnisher,other,0
4338,galvanometer,other,0
4342,gambler,other,0
4344,gamekeeper,other,0
4346,gamer,other,0
4349,gamester,other,0
4358,gangbuster,other,0
4359,ganger,other,0
4360,gangster,other,0
4378,gasholder,other,0
4384,gasper,other,0
4385,gasser,other,0
4391,gatekeeper,other,0
4454,generator,other,0
4466,geographer,other,0
4486,getter,other,0
4503,ghostbuster,other,0
4505,ghostwriter,other,0
4538,girdler,other,0
4546,giver,other,0
4561,glasspaper,other,0
4568,glazier,other,0
4582,glider,other,0
4591,globetrotter,other,0
4592,globular,other,0
4603,glover,other,0
4608,gnatcatcher,other,0
4613,goalhanger,other,0
4614,goalkeeper,other,0
4616,goalkicker,other,0
4617,goalminder,other,0
4619,goalscorer,other,0
4626,gobbler,other,0
4630,gobstopper,other,0
4634,godfather,other,0
4635,godmother,other,0
4640,goer,other,0
4666,golfer,other,0
4677,goner,other,0
4700,gospeller,other,0
4705,gossipmonger,other,0
4730,grader,other,0
4731,gradiometer,other,0
4744,granddaughter,other,0
4745,grandfather,other,0
4747,grandmother,other,0
4752,grantor,other,0
4762,grasshopper,other,0
4765,grater,other,0
4768,gravedigger,other,0
4770,graver,other,0
4775,greaser,other,0
4781,greenbrier,other,0
4784,greengrocer,other,0
4785,greenkeeper,other,0
4788,greeter,other,0
4807,grinder,other,0
4813,gritter,other,0
4822,groper,other,0
4824,grosser,other,0
4830,grounder,other,0
4832,groundhopper,other,0
4834,groundwater,other,0
4843,grower,other,0
4844,growler,other,0
4846,grubber,other,0
4855,grunter,other,0
4862,guarantor,other,0
4885,gulper,other,0
4892,gunmaker,other,0
4894,gunner,other,0
4895,gunpowder,other,0
4896,gunslinger,other,0
4904,gusher,other,0
4936,hacker,other,0
4943,haemocytometer,other,0
4956,hagiographer,other,0
4961,hairdresser,other,0
4963,hairdryer,other,0
4995,handicapper,other,0
4996,handlebar,other,0
4997,handler,other,0
5000,handover,other,0
5012,hangover,other,0
5029,hardcover,other,0
5035,hardliner,other,0
5040,harper,other,0
5049,harvester,other,0
5060,hatemonger,other,0
5061,hater,other,0
5063,hatter,other,0
5065,haulier,other,0
5084,haymaker,other,0
5090,headbanger,other,0
5093,header,other,0
5094,headgear,other,0
5095,headhunter,other,0
5097,headliner,other,0
5099,headmaster,other,0
5101,headquarter,other,0
5103,headstander,other,0
5107,headwater,other,0
5108,healer,other,0
5116,heartbreaker,other,0
5119,heater,other,0
5127,heckler,other,0
5170,hellraiser,other,0
5172,helper,other,0
5185,heptachlor,other,0
5191,herder,other,0
5192,hereafter,other,0
5217,hewer,other,0
5227,higgler,other,0
5232,highlighter,other,0
5235,hijacker,other,0
5236,hiker,other,0
5265,hipper,other,0
5278,hitcher,other,0
5280,hitter,other,0
5286,hoarder,other,0
5287,hoaxer,other,0
5324,hogger,other,0
5328,holder,other,0
5329,holdover,other,0
5332,holidaymaker,other,0
5355,homebuilder,other,0
5356,homebuyer,other,0
5359,homemaker,other,0
5360,homeowner,other,0
5361,homer,other,0
5365,homeworker,other,0
5375,honeycreeper,other,0
5376,honeyeater,other,0
5378,honeysucker,other,0
5380,honker,other,0
5384,hoofer,other,0
5390,hooter,other,0
5393,hopper,other,0
5403,horsebreaker,other,0
5408,horsepower,other,0
5413,hosier,other,0
5422,hotelkeeper,other,0
5424,hotter,other,0
5432,housefather,other,0
5433,householder,other,0
5435,housekeeper,other,0
5436,housemaster,other,0
5437,housemother,other,0
5438,houseowner,other,0
5451,howler,other,0
5469,humidifier,other,0
5482,hunter,other,0
5485,hurdler,other,0
5486,hurler,other,0
5492,hustler,other,0
5507,hydrometer,other,0
5509,hydropower,other,0
5512,hygrometer,other,0
5528,icebreaker,other,0
5539,identifier,other,0
5541,idler,other,0
5546,igniter,other,0
5558,illustrator,other,0
5565,imager,other,0
5566,imagesetter,other,0
5573,imitator,other,0
5578,impactor,other,0
5582,impeller,other,0
5584,impersonator,other,0
5588,importer,other,0
5602,incinerator,other,0
5607,incomer,other,0
5612,incubator,other,0
5616,indenter,other,0
5619,indicator,other,0
5632,influencer,other,0
5633,informer,other,0
5643,inhaler,other,0
5645,inheritor,other,0
5647,inhibitor,other,0
5648,initiator,other,0
5649,injector,other,0
5655,innkeeper,other,0
5656,innovator,other,0
5665,inseminator,other,0
5668,insider,other,0
5669,inspector,other,0
5671,installer,other,0
5674,instigator,other,0
5675,institutor,other,0
5676,instructor,other,0
5678,insulator,other,0
5680,insurer,other,0
5681,inswinger,other,0
5683,integrator,other,0
5684,intelligencer,other,0
5687,intensifier,other,0
5691,intercellular,other,0
5692,interceptor,other,0
5693,intercessor,other,0
5695,intercooler,other,0
5697,interdictor,other,0
5701,interferometer,other,0
5704,interlayer,other,0
5715,interpolator,other,0
5719,interrogator,other,0
5720,interrupter,other,0
5724,interviewer,other,0
5725,interwar,other,0
5734,intruder,other,0
5736,invader,other,0
5738,inventor,other,0
5742,inverter,other,0
5743,investigator,other,0
5744,investor,other,0
5748,iodophor,other,0
5750,ionizer,other,0
5751,ionomer,other,0
5755,ironmaster,other,0
5756,ironmonger,other,0
5771,islander,other,0
5782,issuer,other,0
5809,jackhammer,other,0
5827,jailer,other,0
5832,jammer,other,0
5851,jawbreaker,other,0
5871,jester,other,0
5893,jobseeker,other,0
5895,jogger,other,0
5900,jointer,other,0
5901,joker,other,0
5906,jotter,other,0
5918,juggler,other,0
5920,juicer,other,0
6022,keeler,other,0
6024,keeper,other,0
6067,keyboarder,other,0
6068,keyholder,other,0
6095,kicker,other,0
6097,kidder,other,0
6100,kidnapper,other,0
6115,killer,other,0
6127,kindergartener,other,0
6129,kingfisher,other,0
6155,kitchener,other,0
6197,kneeler,other,0
6206,knitwear,other,0
6208,knocker,other,0
6214,knuckleduster,other,0
6344,labourer,other,0
6352,lacunar,other,0
6359,ladykiller,other,0
6379,laker,other,0
6386,laminar,other,0
6393,lamplighter,other,0
6398,lander,other,0
6400,landholder,other,0
6403,landlubber,other,0
6408,landowner,other,0
6450,latecomer,other,0
6452,later,other,0
6461,laugher,other,0
6464,launcher,other,0
6476,lawbreaker,other,0
6478,lawgiver,other,0
6481,lawmaker,other,0
6483,lawnmower,other,0
6486,lawyer,other,0
6497,leader,other,0
6500,leafhopper,other,0
6510,learner,other,0
6517,leatherwear,other,0
6519,leaver,other,0
6525,lecturer,other,0
6537,leftover,other,0
6564,leisurewear,other,0
6571,lender,other,0
6598,leveller,other,0
6610,lexicographer,other,0
6615,libber,other,0
6620,liberator,other,0
6637,lifer,other,0
6638,lifesaver,other,0
6644,lightener,other,0
6658,limeburner,other,0
6662,limiter,other,0
6664,limner,other,0
6670,linebacker,other,0
6673,liner,other,0
6679,linker,other,0
6682,linter,other,0
6694,liquidator,other,0
6696,liquidizer,other,0
6701,listener,other,0
6710,litterer,other,0
6715,livebearer,other,0
6716,livener,other,0
6721,loader,other,0
6723,loadmaster,other,0
6726,lobar,other,0
6732,locator,other,0
6746,lodger,other,0
6750,logger,other,0
6759,loner,other,0
6762,longliner,other,0
6767,looker,other,0
6768,looper,other,0
6770,loosener,other,0
6781,loser,other,0
6787,loudhailer,other,0
6789,loudspeaker,other,0
6793,lounger,other,0
6796,lover,other,0
6823,lumper,other,0
6824,lumpsucker,other,0
6833,lurker,other,0
6880,magnetometer,other,0
6892,mailer,other,0
6903,maintainer,other,0
6910,maker,other,0
6920,malingerer,other,0
6930,maltster,other,0
6933,manager,other,0
6938,manchester,other,0
6951,manipulator,other,0
6963,manpower,other,0
6965,manslaughter,other,0
6970,manufacturer,other,0
6976,marauder,other,0
6979,marcher,other,0
6986,marker,other,0
6987,marketeer,other,0
6988,marketer,other,0
7003,masker,other,0
7019,mastersinger,other,0
7021,masturbator,other,0
7024,matchmaker,other,0
7041,mauler,other,0
7057,mayflower,other,0
7081,mediator,other,0
7098,megastar,other,0
7124,meltwater,other,0
7137,menswear,other,0
7203,microcar,other,0
7205,microcomputer,other,0
7207,microcontroller,other,0
7208,microdensitometer,other,0
7215,micrometer,other,0
7217,micropower,other,0
7218,microprocessor,other,0
7232,midfielder,other,0
7238,midwater,other,0
7247,miler,other,0
7250,milker,other,0
7254,miller,other,0
7255,milliammeter,other,0
7256,millibar,other,0
7263,millworker,other,0
7265,milometer,other,0
7273,minder,other,0
7278,minelayer,other,0
7282,minesweeper,other,0
7283,mineworker,other,0
7284,minibar,other,0
7285,minicar,other,0
7286,minicomputer,other,0
7298,minitower,other,0
7304,minter,other,0
7322,misremember,other,0
7325,missioner,other,0
7333,mitigator,other,0
7338,mixer,other,0
7339,mixmaster,other,0
7351,mobster,other,0
7360,moderator,other,0
7363,modifier,other,0
7375,moisturizer,other,0
7382,molester,other,0
7394,moneyer,other,0
7396,moneylender,other,0
7397,moneymaker,other,0
7410,monochromator,other,0
7412,monolayer,other,0
7413,monomer,other,0
7434,moonflower,other,0
7436,moonraker,other,0
7440,mooseburger,other,0
7461,mortgagor,other,0
7473,mosstrooper,other,0
7481,motherfucker,other,0
7483,motivator,other,0
7498,mountaineer,other,0
7501,mourner,other,0
7503,mouser,other,0
7505,mouthbrooder,other,0
7507,mover,other,0
7508,moviegoer,other,0
7509,moviemaker,other,0
7512,mower,other,0
7524,mudder,other,0
7525,muddler,other,0
7528,mudskipper,other,0
7531,muffler,other,0
7554,multicellular,other,0
7561,multilayer,other,0
7564,multimeter,other,0
7568,multiplayer,other,0
7571,multiplier,other,0
7572,multiprocessor,other,0
7576,multivendor,other,0
7577,multivibrator,other,0
7595,murderer,other,0
7598,murther,other,0
7607,musketeer,other,0
7630,mythographer,other,0
7646,nailer,other,0
7670,narrator,other,0
7683,navigator,other,0
7706,neckwear,other,0
7707,necromancer,other,0
7710,needler,other,0
7713,negator,other,0
7715,negotiator,other,0
7729,nester,other,0
7734,netminder,other,0
7737,netter,other,0
7738,networker,other,0
7751,neurotransmitter,other,0
7760,newcomer,other,0
7767,newscaster,other,0
7770,newsletter,other,0
7771,newspaper,other,0
7773,newsreader,other,0
7774,newsvendor,other,0
7785,nibbler,other,0
7802,nightjar,other,0
7803,nightrider,other,0
7807,nightwalker,other,0
7808,nightwear,other,0
7812,nipper,other,0
7832,noisemaker,other,0
7856,northeaster,other,0
7858,norther,other,0
7859,northerner,other,0
7868,notepaper,other,0
7892,numerator,other,0
7899,nutcracker,other,0
7901,nutter,other,0
7925,objector,other,0
7927,obligor,other,0
7931,observer,other,0
7937,occupier,other,0
7947,oculomotor,other,0
7962,offender,other,0
7983,ohmmeter,other,0
7985,oiler,other,0
7995,oligomer,other,0
8009,oncer,other,0
8011,oner,other,0
8012,onlooker,other,0
8020,opener,other,0
8025,operator,other,0
8031,oppressor,other,0
8037,optocoupler,other,0
8042,orbiter,other,0
8057,organizer,other,0
8058,orienteer,other,0
8059,originator,other,0
8070,oscillator,other,0
8077,osmometer,other,0
8099,ouster,other,0
8100,outdoor,other,0
8102,outerwear,other,0
8103,outfielder,other,0
8104,outfitter,other,0
8107,outlier,other,0
8108,outliner,other,0
8109,outrider,other,0
8111,outsider,other,0
8113,outswinger,other,0
8115,outworker,other,0
8120,overbear,other,0
8121,overbidder,other,0
8125,overfamiliar,other,0
8130,overlayer,other,0
8131,overlooker,other,0
8133,overnighter,other,0
8134,overpower,other,0
8137,overrider,other,0
8142,oversteer,other,0
8145,overwater,other,0
8146,overwear,other,0
8147,overwinter,other,0
8150,ovipositor,other,0
8155,owner,other,0
8159,oxer,other,0
8160,oximeter,other,0
8162,oxpecker,other,0
8165,oxygenator,other,0
8168,oystercatcher,other,0
8173,pacemaker,other,0
8174,pacer,other,0
8175,pacesetter,other,0
8178,pacifier,other,0
8180,packer,other,0
8186,pager,other,0
8188,painkiller,other,0
8202,palmar,other,0
8210,pamphleteer,other,0
8238,paperhanger,other,0
8250,paraglider,other,0
8253,paratrooper,other,0
8255,pardner,other,0
8262,parishioner,other,0
8275,parser,other,0
8276,partaker,other,0
8277,parter,other,0
8283,partygoer,other,0
8290,passer,other,0
8300,pathfinder,other,0
8317,paver,other,0
8320,pawnbroker,other,0
8321,payer,other,0
8322,paymaster,other,0
8327,peacemaker,other,0
8334,pecker,other,0
8340,peddler,other,0
8347,peeper,other,0
8365,penetrator,other,0
8366,penetrometer,other,0
8369,peninsular,other,0
8377,pensioner,other,0
8380,pentamer,other,0
8397,percolator,other,0
8405,performer,other,0
8406,perfumer,other,0
8412,perisher,other,0
8424,perpetrator,other,0
8427,persecutor,other,0
8432,persuader,other,0
8438,petitioner,other,0
8441,petrodollar,other,0
8466,phaser,other,0
8474,philanderer,other,0
8498,photocopier,other,0
8499,photodetector,other,0
8501,photographer,other,0
8503,photometer,other,0
8505,photomultiplier,other,0
8506,photoreceptor,other,0
8508,photosetter,other,0
8511,phototransistor,other,0
8512,phototypesetter,other,0
8524,picker,other,0
8526,picnicker,other,0
8535,piecer,other,0
8539,piercer,other,0
8548,piledriver,other,0
8561,pinaster,other,0
8566,pinger,other,0
8584,pisser,other,0
8595,placeholder,other,0
8604,planer,other,0
8607,planner,other,0
8611,planter,other,0
8614,plasterer,other,0
8617,plasticizer,other,0
8618,platelayer,other,0
8620,platformer,other,0
8625,player,other,0
8627,playgoer,other,0
8629,playmaker,other,0
8636,pledgor,other,0
8641,plodder,other,0
8644,plotter,other,0
8656,poacher,other,0
8657,podger,other,0
8667,pointer,other,0
8688,policyholder,other,0
8689,policymaker,other,0
8696,pollster,other,0
8697,polluter,other,0
8700,polyester,other,0
8725,popover,other,0
8726,popper,other,0
8729,popster,other,0
8735,porker,other,0
8737,pornographer,other,0
8744,poser,other,0
8748,possessor,other,0
8750,poster,other,0
8754,postmaster,other,0
8760,potboiler,other,0
8761,potentiometer,other,0
8778,pounder,other,0
8783,pouter,other,0
8826,prankster,other,0
8828,prater,other,0
8835,preamplifier,other,0
8838,precipitator,other,0
8846,predicator,other,0
8847,predictor,other,0
8857,premolar,other,0
8858,premotor,other,0
8865,preprocessor,other,0
8870,presenter,other,0
8874,presser,other,0
8877,pressor,other,0
8881,pretender,other,0
8882,preventer,other,0
8892,printer,other,0
8893,printmaker,other,0
8908,prizewinner,other,0
8910,probationer,other,0
8917,processor,other,0
8922,procrastinator,other,0
8927,prodder,other,0
8930,producer,other,0
8936,profiler,other,0
8938,profiteer,other,0
8940,programmer,other,0
8942,projector,other,0
8944,promenader,other,0
8945,promisor,other,0
8948,prompter,other,0
8951,pronator,other,0
8955,propagator,other,0
8956,propeller,other,0
8966,proprietor,other,0
8973,prosecutor,other,0
8978,protector,other,0
8979,protester,other,0
8986,protostar,other,0
8987,protractor,other,0
8991,provider,other,0
8996,prowler,other,0
9006,psychomotor,other,0
9012,publisher,other,0
9018,puffer,other,0
9025,pullover,other,0
9028,pulpiteer,other,0
9036,pumper,other,0
9044,punster,other,0
9045,punter,other,0
9049,puppeteer,other,0
9050,puppetmaster,other,0
9051,purchaser,other,0
9058,purser,other,0
9059,pursuer,other,0
9060,purveyor,other,0
9063,pusher,other,0
9064,pushover,other,0
9073,puzzler,other,0
9081,pyrometer,other,0
9093,qualifier,other,0
9095,quantifier,other,0
9100,quartermaster,other,0
9113,quencher,other,0
9117,questioner,other,0
9124,quicksilver,other,0
9132,quipster,other,0
9134,quitter,other,0
9137,quizmaster,other,0
9147,racegoer,other,0
9148,racer,other,0
9150,racketeer,other,0
9155,radiator,other,0
9159,radiometer,other,0
9168,ragpicker,other,0
9170,raider,other,0
9171,railcar,other,0
9174,railroader,other,0
9176,rainmaker,other,0
9177,rainwater,other,0
9178,rainwear,other,0
9179,raiser,other,0
9186,rambler,other,0
9193,rancher,other,0
9194,rangefinder,other,0
9196,ranger,other,0
9202,ranter,other,0
9205,raper,other,0
9208,rapper,other,0
9213,rasper,other,0
9217,ratepayer,other,0
9223,ratter,other,0
9224,rattler,other,0
9232,raver,other,0
9241,reacher,other,0
9244,reactor,other,0
9252,reamer,other,0
9255,reaper,other,0
9268,receiver,other,0
9275,reckoner,other,0
9278,recliner,other,0
9286,reconquer,other,0
9295,recruiter,other,0
9296,rectifier,other,0
9303,redeemer,other,0
9307,rediscover,other,0
9325,reflector,other,0
9326,reformer,other,0
9327,refractometer,other,0
9328,refractor,other,0
9329,refresher,other,0
9330,refrigerator,other,0
9350,regulator,other,0
9378,relator,other,0
9379,relaxer,other,0
9388,remaster,other,0
9390,remembrancer,other,0
9392,reminder,other,0
9413,renter,other,0
9417,renumber,other,0
9421,reorder,other,0
9426,repeater,other,0
9429,replaster,other,0
9432,replicator,other,0
9434,reporter,other,0
9437,repressor,other,0
9450,rescuer,other,0
9451,researcher,other,0
9453,reseller,other,0
9457,resistor,other,0
9460,resonator,other,0
9461,respecter,other,0
9462,respirator,other,0
9467,restorer,other,0
9472,retailer,other,0
9474,retainer,other,0
9480,retractor,other,0
9482,retriever,other,0
9492,reveller,other,0
9493,revenger,other,0
9496,reversioner,other,0
9497,reverter,other,0
9498,reviewer,other,0
9505,revolver,other,0
9518,rhymester,other,0
9521,ribber,other,0
9544,rigger,other,0
9561,ringer,other,0
9563,ringleader,other,0
9564,ringmaster,other,0
9569,ripper,other,0
9574,riser,other,0
9590,roadster,other,0
9596,roaster,other,0
9607,rocker,other,0
9609,rocketeer,other,0
9611,rockhopper,other,0
9636,roller,other,0
9639,rollover,other,0
9640,romancer,other,0
9643,romper,other,0
9646,roofer,other,0
9651,rooster,other,0
9652,rooter,other,0
9654,roper,other,0
9675,rotator,other,0
9681,rotifer,other,0
9684,rotter,other,0
9694,rounder,other,0
9698,router,other,0
9701,rower,other,0
9723,rugger,other,0
9726,ruler,other,0
9729,rumbler,other,0
9736,runner,other,0
9743,rusher,other,0
9747,rustler,other,0
9772,saddler,other,0
9787,sailer,other,0
9788,sailmaker,other,0
9798,salinometer,other,0
9807,saltwater,other,0
9812,salvor,other,0
9826,sandbar,other,0
9827,sander,other,0
9829,sandhopper,other,0
9833,sandpaper,other,0
9834,sandpiper,other,0
9876,saver,other,0
9895,scalper,other,0
9899,scandalmonger,other,0
9902,scanner,other,0
9905,scaremonger,other,0
9908,scarifier,other,0
9934,scheduler,other,0
9944,schemer,other,0
10011,schoolmaster,other,0
10012,schoolteacher,other,0
10061,scintillator,other,0
10072,scooter,other,0
10073,scorcher,other,0
10074,scorekeeper,other,0
10075,scorer,other,0
10085,scrambler,other,0
10086,scraper,other,0
10090,screamer,other,0
10094,screenwriter,other,0
10095,screwdriver,other,0
10096,scribbler,other,0
10098,scriber,other,0
10101,scriptwriter,other,0
10104,scroller,other,0
10105,scrounger,other,0
10106,scrubber,other,0
10109,scrutineer,other,0
10113,sculler,other,0
10128,sealer,other,0
10129,seamer,other,0
10142,seawater,other,0
10152,secretor,other,0
10162,seducer,other,0
10165,seeker,other,0
10180,seismometer,other,0
10186,selector,other,0
10194,seller,other,0
10202,semiconductor,other,0
10204,semiquaver,other,0
10209,sender,other,0
10222,sensorimotor,other,0
10224,separator,other,0
10227,sequencer,other,0
10242,server,other,0
10245,servicer,other,0
10247,servomotor,other,0
10253,setter,other,0
10254,settler,other,0
10255,settlor,other,0
10277,shagger,other,0
10279,shaker,other,0
10298,sharecropper,other,0
10300,shareholder,other,0
10305,sharper,other,0
10306,sharpshooter,other,0
10309,shaver,other,0
10314,shearwater,other,0
10316,shedder,other,0
10344,shifter,other,0
10352,shiner,other,0
10355,shipbroker,other,0
10356,shipbuilder,other,0
10359,shipmaster,other,0
10360,shipowner,other,0
10368,shirtwaister,other,0
10369,shitkicker,other,0
10371,shitter,other,0
10379,shocker,other,0
10380,shoemaker,other,0
10387,shooter,other,0
10389,shopfitter,other,0
10391,shopkeeper,other,0
10394,shopper,other,0
10395,shopwalker,other,0
10396,shopworker,other,0
10415,showjumper,other,0
10418,showstopper,other,0
10423,shredder,other,0
10426,shrimper,other,0
10437,shunter,other,0
10440,shutter,other,0
10448,sickener,other,0
10449,sidebar,other,0
10450,sidecar,other,0
10454,sidewinder,other,0
10463,sightseer,other,0
10468,significator,other,0
10469,signifier,other,0
10472,signwriter,other,0
10479,silencer,other,0
10497,simulator,other,0
10499,singer,other,0
10505,sinker,other,0
10506,sinner,other,0
10518,sitter,other,0
10521,sixer,other,0
10530,skateboarder,other,0
10531,skater,other,0
10548,skier,other,0
10557,skinner,other,0
10563,skiwear,other,0
10570,skydiver,other,0
10571,skyer,other,0
10573,skyscraper,other,0
10575,slacker,other,0
10577,slammer,other,0
10580,slapper,other,0
10582,slasher,other,0
10583,slater,other,0
10589,slaveholder,other,0
10592,slayer,other,0
10597,sledgehammer,other,0
10600,sleeper,other,0
10603,sleepwear,other,0
10611,slicker,other,0
10612,slider,other,0
10614,slimmer,other,0
10616,slipcover,other,0
10617,slipover,other,0
10618,slipper,other,0
10629,slugger,other,0
10636,smacker,other,0
10640,smasher,other,0
10645,smelter,other,0
10649,smoker,other,0
10654,smuggler,other,0
10659,snapper,other,0
10670,sniffer,other,0
10674,sniper,other,0
10686,snorter,other,0
10690,snowblower,other,0
10695,snuffer,other,0
10708,socializer,other,0
10711,sodger,other,0
10714,softener,other,0
10726,solebar,other,0
10744,songwriter,other,0
10745,sonicator,other,0
10747,sonneteer,other,0
10753,soother,other,0
10769,soulster,other,0
10779,southerner,other,0
10797,spanker,other,0
10805,sparer,other,0
10807,sparkler,other,0
10812,speaker,other,0
10824,spectrometer,other,0
10825,spectrophotometer,other,0
10827,speculator,other,0
10834,speedometer,other,0
10836,speedster,other,0
10841,spellcaster,other,0
10842,spellchecker,other,0
10843,speller,other,0
10853,sphygmomanometer,other,0
10864,spillover,other,0
10870,spinner,other,0
10876,spirometer,other,0
10885,splitter,other,0
10889,spoiler,other,0
10892,sponger,other,0
10897,spooner,other,0
10903,sportster,other,0
10904,sportswear,other,0
10905,sportswriter,other,0
10907,spotter,other,0
10913,spreader,other,0
10916,springer,other,0
10919,sprinkler,other,0
10920,sprinter,other,0
10932,spymaster,other,0
10934,squamocolumnar,other,0
10937,squatter,other,0
10940,squeaker,other,0
10941,squealer,other,0
10952,stabilator,other,0
10954,stabilizer,other,0
10965,staffer,other,0
10968,stager,other,0
10974,stakeholder,other,0
10975,staker,other,0
10977,stalker,other,0
10979,stallholder,other,0
10995,stapler,other,0
11006,stargazer,other,0
11015,starrer,other,0
11017,starter,other,0
11025,stationmaster,other,0
11031,stayer,other,0
11036,steamer,other,0
11040,steamroller,other,0
11048,steelworker,other,0
11053,steerer,other,0
11069,stenographer,other,0
11071,stepbrother,other,0
11072,stepdaughter,other,0
11074,stepfather,other,0
11076,stepladder,other,0
11078,stepmother,other,0
11079,stepper,other,0
11080,stepsister,other,0
11087,sternwheeler,other,0
11091,sticker,other,0
11100,stimulator,other,0
11102,stinger,other,0
11103,stinker,other,0
11106,stirrer,other,0
11107,stitcher,other,0
11108,stockbreeder,other,0
11109,stockbroker,other,0
11110,stocker,other,0
11111,stockholder,other,0
11113,stockjobber,other,0
11131,stonecutter,other,0
11132,stoner,other,0
11136,stonker,other,0
11138,stoor,other,0
11139,stopover,other,0
11140,stopper,other,0
11143,storekeeper,other,0
11146,stormer,other,0
11151,storyteller,other,0
11163,strainer,other,0
11168,strapper,other,0
11179,streaker,other,0
11180,streamer,other,0
11185,streetcar,other,0
11188,streetwalker,other,0
11189,streetwear,other,0
11193,stressor,other,0
11194,stretcher,other,0
11203,striker,other,0
11205,stringer,other,0
11206,striper,other,0
11209,stripper,other,0
11217,stroller,other,0
11240,stunner,other,0
11252,subcontractor,other,0
11253,subeditor,other,0
11255,subfloor,other,0
11258,sublunar,other,0
11262,suborder,other,0
11265,subscriber,other,0
11267,subsoiler,other,0
11270,subwoofer,other,0
11272,successor,other,0
11274,sucker,other,0
11275,suckler,other,0
11278,sufferer,other,0
11301,summiteer,other,0
11311,sundowner,other,0
11313,sunflower,other,0
11316,sunseeker,other,0
11319,sunstar,other,0
11326,supercar,other,0
11327,supercharger,other,0
11328,supercluster,other,0
11329,supercollider,other,0
11330,supercomputer,other,0
11331,superconductor,other,0
11344,superpower,other,0
11347,superscalar,other,0
11352,superstar,other,0
11355,supertanker,other,0
11359,superuser,other,0
11361,supervisor,other,0
11362,supinator,other,0
11367,supplier,other,0
11369,supporter,other,0
11371,suppressor,other,0
11375,surfer,other,0
11383,survivor,other,0
11385,suspender,other,0
11405,swallower,other,0
11406,swamper,other,0
11413,swather,other,0
11418,sweater,other,0
11419,sweeper,other,0
11422,sweetener,other,0
11431,swimfeeder,other,0
11432,swimmer,other,0
11433,swimwear,other,0
11436,swinger,other,0
11438,swingometer,other,0
11441,switcher,other,0
11442,switchgear,other,0
11443,switchover,other,0
11456,sympathizer,other,0
11461,synthesizer,other,0
11476,tabulator,other,0
11477,tachometer,other,0
11487,tagger,other,0
11489,taildragger,other,0
11490,tailender,other,0
11498,takeover,other,0
11499,taker,other,0
11503,talker,other,0
11513,tanker,other,0
11525,tarpaper,other,0
11538,taskmaster,other,0
11546,tattler,other,0
11559,taxpayer,other,0
11564,teacher,other,0
11569,teamster,other,0
11576,teaser,other,0
11582,technofear,other,0
11591,teenybopper,other,0
11597,teetotaller,other,0
11609,telemeter,other,0
11611,teleoperator,other,0
11612,teleprinter,other,0
11614,teleprompter,other,0
11622,teller,other,0
11640,tenner,other,0
11655,terminator,other,0
11670,tetramer,other,0
11717,thickener,other,0
11722,thiller,other,0
11723,thinker,other,0
11724,thinner,other,0
11731,threader,other,0
11738,thresher,other,0
11740,thriller,other,0
11741,thrower,other,0
11742,throwster,other,0
11743,thruster,other,0
11753,ticker,other,0
11756,tickler,other,0
11759,tickover,other,0
11762,tiebreaker,other,0
11769,tiler,other,0
11778,timekeeper,other,0
11779,timer,other,0
11789,tinner,other,0
11793,tipper,other,0
11795,tipster,other,0
11814,toaster,other,0
11815,toastmaster,other,0
11821,toddler,other,0
11840,toner,other,0
11844,toolbar,other,0
11848,toolmaker,other,0
11855,topper,other,0
11863,torchbearer,other,0
11866,tormentor,other,0
11871,torturer,other,0
11874,tosser,other,0
11876,totalizer,other,0
11878,toucher,other,0
11879,touchpaper,other,0
11880,tourer,other,0
11893,toymaker,other,0
11897,tracer,other,0
11898,tracker,other,0
11902,trader,other,0
11904,trafficker,other,0
11907,trailblazer,other,0
11909,trailer,other,0
11912,trainer,other,0
11915,trainspotter,other,0
11930,tranquillizer,other,0
11933,transborder,other,0
11938,transferor,other,0
11940,transformer,other,0
11945,translator,other,0
11947,transmitter,other,0
11950,transporter,other,0
11956,trapdoor,other,0
11957,trapper,other,0
11964,traveller,other,0
11967,traverser,other,0
11971,trawler,other,0
11984,treecreeper,other,0
11992,trekker,other,0
11994,trembler,other,0
12000,trendsetter,other,0
12001,trendspotter,other,0
12007,trespasser,other,0
12015,trickster,other,0
12018,trier,other,0
12021,trimer,other,0
12024,trimmer,other,0
12031,tripper,other,0
12043,trochlear,other,0
12047,trooper,other,0
12051,trotter,other,0
12052,troublemaker,other,0
12055,trouser,other,0
12061,trucker,other,0
12065,trumpeter,other,0
12068,trustbuster,other,0
12082,tucker,other,0
12092,tumbler,other,0
12097,tuner,other,0
12102,turbidimeter,other,0
12104,turbocharger,other,0
12110,turnover,other,0
12112,tusker,other,0
12121,tweeter,other,0
12127,twister,other,0
12128,twistor,other,0
12129,twitcher,other,0
12142,typesetter,other,0
12144,typewriter,other,0
12179,unbar,other,0
12181,unbundler,other,0
12184,underbidder,other,0
12187,underfloor,other,0
12190,undermanager,other,0
12195,understeer,other,0
12197,understrapper,other,0
12198,undertaker,other,0
12200,underwear,other,0
12201,underwriter,other,0
12217,unitholder,other,0
12228,unstopper,other,0
12246,uplighter,other,0
12260,user,other,0
12266,usurper,other,0
12271,vacationer,other,0
12288,valuer,other,0
12303,vaporizer,other,0
12310,variometer,other,0
12318,vasodilator,other,0
12319,vasomotor,other,0
12345,ventilator,other,0
12347,venturer,other,0
12383,vibrator,other,0
12402,viewer,other,0
12403,viewfinder,other,0
12413,villager,other,0
12421,vindicator,other,0
12431,violator,other,0
12445,visuomotor,other,0
12463,voicer,other,0
12472,voltmeter,other,0
12489,voter,other,0
12503,wader,other,0
12512,waggler,other,0
12522,waiter,other,0
12523,waiver,other,0
12532,walker,other,0
12540,wallflower,other,0
12543,wallpaper,other,0
12545,wallwasher,other,0
12550,waltzer,other,0
12555,wanderer,other,0
12558,wanker,other,0
12566,warbler,other,0
12575,warmer,other,0
12576,warmonger,other,0
12580,warrantor,other,0
12587,washer,other,0
12593,waster,other,0
12598,watcher,other,0
12599,watchkeeper,other,0
12600,watchmaker,other,0
12602,watchtower,other,0
12626,wayfarer,other,0
12637,weaner,other,0
12639,wearer,other,0
12645,weaver,other,0
12653,weedkiller,other,0
12655,weekender,other,0
12659,weeper,other,0
12686,welder,other,0
12713,westerner,other,0
12733,whaler,other,0
12740,whatever,other,0
12745,wheeler,other,0
12749,whereafter,other,0
12766,whisperer,other,0
12768,whistler,other,0
12779,wholesaler,other,0
12781,whooper,other,0
12783,whopper,other,0
12785,whoremaster,other,0
12786,whoremonger,other,0
12787,whosever,other,0
12795,wicketkeeper,other,0
12801,widower,other,0
12808,wiggler,other,0
12812,wildcatter,other,0
12821,willpower,other,0
12833,windbreaker,other,0
12834,windcheater,other,0
12837,winder,other,0
12838,windflower,other,0
12840,windhover,other,0
12841,windjammer,other,0
12848,windsurfer,other,0
12850,winegrower,other,0
12852,winemaker,other,0
12856,winger,other,0
12863,winner,other,0
12875,wiper,other,0
12901,wobbler,other,0
12916,womanizer,other,0
12919,womenswear,other,0
12928,woodcutter,other,0
12933,woodlander,other,0
12936,woodpecker,other,0
12960,worker,other,0
12964,workwear,other,0
12968,wormer,other,0
12972,worshipper,other,0
12977,wrangler,other,0
12979,wrapper,other,0
12980,wrecker,other,0
12981,wrestler,other,0
12982,wriggler,other,0
12983,wringer,other,0
12985,wrongdoer,other,0
13022,yardmaster,other,0
13043,yer,other,0
13045,yesteryear,other,0
13047,yielder,other,0
13063,youngster,other,0
13084,zapper,other,0
13106,zester,other,0
13123,zinger,other,0
13128,zipper,other,0
13145,zookeeper,other,0
